data,kwota,kontrahent,opis
2020-03-11,"492000,00",Mosty Katowice Sp. z o.o.,"Porozumienie do umowy 302/2015: laczna wartosc czesci zaplaconej/rozliczonej po odstapieniu od pozycji 4-8; 21,05% wartosci umowy."
2015-07-14,"123000,00",Pracownia Urbanistyczna Alter Polis,Umowa nr 332/2015-I/PU/106/15: koncepcja poprawy skomunikowania transportem publicznym dzielnicy Piecki Migowo oraz rejonu Akademii Medycznej z centrum Wrzeszcza; wartosc brutto.
2021-04-02,"4880640,00",Konsorcjum BPBK S.A. w restrukturyzacji / INGEO Sp. z o.o.,Umowa nr 78/2021-BZP-UiG.512.18.2021: opracowanie dokumentacji projektowej wraz z pelnieniem nadzoru autorskiego dla budowy ulicy Nowej Politechnicznej (GPW) w Gdansku; pierwotna wartosc brutto.
2023-06-01,"15375,00",INGEO Sp. z o.o.,"Umowa nr 180/2023-BZP-PU.511.82.2023/PM/88: opracowanie projektu dla fragmentu reliktu bramy kolidujacej z projektowana trasa Nowa Politechniczna w ramach zadania ""Budowa i przebudowa drog lokalnych""; wartosc brutto obejmuje projekt budowlany, projekty wykonawcze/STWiOR/przedmiary/kosztorysy/ZZK oraz maksymalnie 3 nadzory autorskie."
2024-09-03,"349442,38",PBW INZYNIERIA Sp. z o.o.,"Umowa w postepowaniu 96/BZP-U.510.95.2024/MKL: opracowanie dokumentacji projektowej wraz z pelnieniem nadzoru autorskiego dla przebudowy odcinkow kanalow Potoku Krolewskiego, w tym od komory K.1.3 w ramach GPW do istniejacego wylotu kanalu w Dolinie Krolewskiej oraz od komory K3.5 w Al. Grunwaldzkiej do wylotu w zbiorniku Uphagena; koszt powiazany z odprowadzeniem wod i wypuszczeniem zbiornika retencyjnego GPW do istniejacej infrastruktury wodnej; wartosc umowy brutto."
2022-11-22,"1004400,00",Konsorcjum BPBK S.A. w restrukturyzacji / INGEO Sp. z o.o.,Aneks nr 2 do umowy 78/2021: zwiekszenie wynagrodzenia brutto z uwagi na koniecznosc wykonania prac dodatkowych niezbednych do prawidlowego wykonania przedmiotu umowy.
2024-11-13,"488064,00",Konsorcjum BPBK S.A. w restrukturyzacji / INGEO Sp. z o.o.,Aneks nr 7 do umowy 78/2021: zwiekszenie wynagrodzenia brutto z tytulu waloryzacji kosztow i inflacji.
2025-01-23,"130749,00",Konsorcjum BPBK S.A. w restrukturyzacji / INGEO Sp. z o.o.,Aneks nr 8 do umowy 78/2021: zwiekszenie wynagrodzenia brutto w zwiazku z dodatkowymi pracami dotyczacymi nowych rozwiazan wysokosciowych peronow.
2024-03-01,"72816,00",International Management Services Sp. z o.o.,Rejestr wydatkow miasta Gdanska; umowa RWB-W/1044/WPI/7/U-W.BIEZ./2024; Wydzial Projektow Inwestycyjnych; opracowanie dokumentacji aplikacyjnej wraz ze wsparciem merytorycznym dla projektu Gdanski Projekt Komunikacji Miejskiej etap VA - budowa linii tramwajowej Gdansk Poludnie Wrzeszcz (GPW).
2015-09-07,"770,00","Przedsiebiorstwo Turystyczne ""Roma"" Sp. z o.o.",Rejestr wydatkow miasta Gdanska; umowa RWB-W/4325/KP/306/U-W.BIEZ./2015; Kancelaria Prezydenta; poczestunek podczas prezentacji koncepcji Nowa Politechniczna.
2015-09-07,"344,40",Pomorska Specjalna Strefa Ekonomiczna Sp. z o.o.,Rejestr wydatkow miasta Gdanska; umowa RWB-W/4324/KP/305/U-W.BIEZ./2015; Kancelaria Prezydenta; wynajem sali na prezentacje koncepcji Nowa Politechniczna.
2026-08-04,"50000,00","Towarzystwo Ubezpieczen i Reasekuracji ""Warta"" S.A.",Rejestr umow gov.pl; umowa nr 207/2026-L/PU.511.70.2026/MN; id bea094d2-fc10-43b7-9204-80a75dc15362; jednostka publikujaca: Dyrekcja Rozbudowy Miasta Gdanska; status: Aktywna; ubezpieczenie OC Projektanta/Architekta dla zadania Budowa przejscia przy Teatrze Miniatura w formule zaprojektuj i wybuduj w ramach zamierzenia inwestycyjnego Gdanski Projekt Komunikacji Miejskiej etap VA - budowa linii tramwajowej Gdansk Poludnie Wrzeszcz.
2026-07-07,"7896616,00","Towarzystwo Ubezpieczen i Reasekuracji ""Warta"" S.A.",Rejestr umow gov.pl; umowa nr 172/2026-L/U/512.38.2026/JZT; id 21c8a33c-a693-408d-920b-808435151442; jednostka publikujaca: Dyrekcja Rozbudowy Miasta Gdanska; status: Aktywna; ubezpieczenie inwestycji Gminy Miasta Gdanska pod nazwa Gdanski Projekt Komunikacji Miejskiej etap VA - budowa linii tramwajowej Gdansk Poludnie Wrzeszcz; czesc nr 2: ubezpieczenie ryzyk budowy i montazu.
2026-07-02,"3750000,00","Towarzystwo Ubezpieczen i Reasekuracji ""Warta"" S.A. / Sopockie Towarzystwo Ubezpieczen Ergo Hestia S.A.",Rejestr umow gov.pl; umowa nr 171/2026-L/U/512.37.2026/JZT; id 0ee0eb54-7104-4044-b2aa-7434f9a94209; jednostka publikujaca: Dyrekcja Rozbudowy Miasta Gdanska; status: Aktywna; ubezpieczenie inwestycji Gminy Miasta Gdanska pod nazwa Gdanski Projekt Komunikacji Miejskiej etap VA - budowa linii tramwajowej Gdansk Poludnie Wrzeszcz; czesc nr 1: celowe ubezpieczenie OC z tytulu prowadzonej dzialalnosci i posiadania mienia.
2026-05-25,"583167,60",Centrum Promocji i Reklamy Remedia Sp. z o.o. Sp. K.,"Ogłoszenie o wyniku postepowania BZP nr 2026/BZP 00260302/01 z 26.05.2026; postepowanie 5/BZP-U.510.5.2026/KB; umowa nr 121/2026; przygotowanie i realizacja dzialan promocyjno-informacyjnych dla zadania Gdanski Projekt Komunikacji Miejskiej etap VA - budowa linii tramwajowej Gdansk Poludnie Wrzeszcz; wartosc umowy/cena oferty wykonawcy, ktoremu udzielono zamowienia."
2025-02-25,"29520,00","Kancelaria Radcow Prawnych CIC Pikor, Behnke, Dmoch, Fryzowski sp. p","DRMG; informacja o wyborze najkorzystniejszej oferty; postepowanie BZP-PU.511.13.2025/AF; Swiadczenie kompleksowego doradztwa w zakresie pozyskiwania decyzji administracyjnych dla zadania Budowa Nowej Politechnicznej - GPW; kwota oferty wybranej 29 520 zl; w pismie data 25.05.2025 r., podpis elektroniczny 25-02-2025."
2025-04-15,"126690,00",JAROS INZYNIERIA RUCHU Sp. z o.o.,"Umowa nr 152/2025/L/PU.511.37.2025/AF: opracowanie zalozen makrokomunikacyjnych do projektu tymczasowej organizacji ruchu dla realizacji zadania Budowa ulicy Nowej Politechnicznej (GPW) w Gdansku; laczne maksymalne wynagrodzenie brutto, w tym 118 080,00 zl za dokumentacje z niezbednymi opiniami oraz do 8 610,00 zl za 10 nadzorow autorskich po 861,00 zl brutto."
2025-09-18,"89500,00",Tata&Piotr Bialas,"DRMG; informacja o wyborze najkorzystniejszej oferty; postepowanie BZP-PU.521.6.2025/PM/W/09; opracowanie kreacji marketingowej wraz z wykonaniem profesjonalnej sesji zdjeciowej dla zadania Gdanski Projekt Komunikacji Miejskiej etap VA - budowa linii tramwajowej Gdansk Poludnie Wrzeszcz; kwota oferty wybranej 89 500,00 zl brutto."
2025-09-08,"47500,00",AKgeotechnika Arkadiusz Kryczallo,"Umowa nr 328/2025-L/PU.511.92.2025/PM; swiadczenie uslug nadzoru naukowego - technicznych uslug badawczych w zakresie rozwiazan projektowych w dokumentacji projektowej oraz prowadzonych robot dla zadania GPKM etap VA - budowa linii tramwajowej Gdansk Poludnie Wrzeszcz; branza geotechniczna; maksymalne wynagrodzenie brutto: 7 125,00 zl za weryfikacje dokumentacji, do 38 000,00 zl za nadzor w trakcie realizacji robot (100 roboczogodzin po 380,00 zl brutto) oraz 2 375,00 zl za raport koncowy."
2025-09-08,"36900,00",WSW Hydrotechnika Projektowanie Ekspertyzy Witold Sterpejkowicz-Wersocki,"Umowa nr 329/2025-L/PU.511.92.2025/PM; swiadczenie uslug nadzoru naukowego - technicznych uslug badawczych w zakresie rozwiazan projektowych w dokumentacji projektowej oraz prowadzonych robot dla zadania GPKM etap VA - budowa linii tramwajowej Gdansk Poludnie Wrzeszcz; branza hydrotechniczna; maksymalne wynagrodzenie brutto: 6 900,00 zl za weryfikacje dokumentacji, do 28 000,00 zl za nadzor w trakcie realizacji robot (100 roboczogodzin po 280,00 zl brutto) oraz 2 000,00 zl za raport koncowy."
2025-09-08,"25000,00",Adam Krasinski,"Umowa nr 330/2025-L/PU.511.92.2025/PM; swiadczenie uslug nadzoru naukowego - technicznych uslug badawczych w zakresie rozwiazan projektowych w dokumentacji projektowej oraz prowadzonych robot dla zadania GPKM etap VA - budowa linii tramwajowej Gdansk Poludnie Wrzeszcz; branza geotechniczna; maksymalne wynagrodzenie brutto: 4 000,00 zl za weryfikacje dokumentacji, do 20 000,00 zl za nadzor w trakcie realizacji robot (100 roboczogodzin po 200,00 zl brutto) oraz 1 000,00 zl za raport koncowy."
